"Root","Rel","Name","Bytes"
"Lectures-20260628","054165 - 00 - Current Probes.pdf","054165 - 00 - Current Probes.pdf","281282"
"Lectures-20260628","054165 - 01 - About the Course.pdf","054165 - 01 - About the Course.pdf","92296"
"Lectures-20260628","054165 - 01B - Introduction to EMC.pdf","054165 - 01B - Introduction to EMC.pdf","296694"
"Lectures-20260628","054165 - 01C - EMC versus Circuit Theory.pdf","054165 - 01C - EMC versus Circuit Theory.pdf","252497"
"Lectures-20260628","054165 - 01D - EMC Requirements.pdf","054165 - 01D - EMC Requirements.pdf","122084"
"Lectures-20260628","054165 - 02 - Conducted Emissions.pdf","054165 - 02 - Conducted Emissions.pdf","1530314"
"Lectures-20260628","054165 - 03 - Nonideal Behavior of Components.pdf","054165 - 03 - Nonideal Behavior of Components.pdf","538521"
"Lectures-20260628","054165 - 04 - Spectrum Analyzer Basics and CISPR 16-2-1.pdf","054165 - 04 - Spectrum Analyzer Basics and CISPR 16-2-1.pdf","730746"
"Lectures-20260628","054165 - 05 - Review of Maxwell Equations.pdf","054165 - 05 - Review of Maxwell Equations.pdf","230098"
"Lectures-20260628","054165 - 06 - Uniform Plane Waves.pdf","054165 - 06 - Uniform Plane Waves.pdf","367288"
"Lectures-20260628","054165 - 06B - Poynting Vector and the Flow of Power (optional).pdf","054165 - 06B - Poynting Vector and the Flow of Power (optional).pdf","257496"
"Lectures-20260628","054165 - 07 - Radiated Emissions.pdf","054165 - 07 - Radiated Emissions.pdf","1048012"
"Lectures-20260628","054165 - 07B - Antenna Parameters (optional).pdf","054165 - 07B - Antenna Parameters (optional).pdf","264114"
"Lectures-20260628","054165 - 08 - Transmission Lines.pdf","054165 - 08 - Transmission Lines.pdf","775458"
"Lectures-20260628","054165 - 09 - MTLs and Modal Analysis.pdf","054165 - 09 - MTLs and Modal Analysis.pdf","386153"
"Lectures-20260628","054165 - 09B - Cyclic Symmetric Structures (optional).pdf","054165 - 09B - Cyclic Symmetric Structures (optional).pdf","202827"
"Lectures-20260628","054165 - 10 - Scattering Parameters.pdf","054165 - 10 - Scattering Parameters.pdf","449219"
"Lectures-20260628","054165 - 11 - Radiated Susceptibility.pdf","054165 - 11 - Radiated Susceptibility.pdf","2204337"
"Lectures-20260628","054165 - 12 - Crosstalk (three-conductor lines).pdf","054165 - 12 - Crosstalk (three-conductor lines).pdf","1903228"
"Lectures-20260628","054165 - L13 - Shielding.pdf","054165 - L13 - Shielding.pdf","461459"
"OPTIONAL READING MATERIAL-20260628","Part #2\PIN - ANALYSIS.pdf","PIN - ANALYSIS.pdf","710708"
"OPTIONAL READING MATERIAL-20260628","Part #2\PIN diode - turn-off.pdf","PIN diode - turn-off.pdf","2087689"
"OPTIONAL READING MATERIAL-20260628","Part #3\Optimum_design_of_power_MOSFETs.pdf","Optimum_design_of_power_MOSFETs.pdf","867274"
"OPTIONAL READING MATERIAL-20260628","Part #3\Superjunction Power Devices - History Development and Future Prospects.pdf","Superjunction Power Devices - History Development and Future Prospects.pdf","4377428"
"OPTIONAL READING MATERIAL-20260628","Part #3\Theory of semiconductor superjunction devices.pdf","Theory of semiconductor superjunction devices.pdf","1502889"
"OPTIONAL READING MATERIAL-20260628","Part #4\Aluminum - T compensation.pdf","Aluminum - T compensation.pdf","534878"
"OPTIONAL READING MATERIAL-20260628","Part #4\Bootstrap - long Ton.pdf","Bootstrap - long Ton.pdf","1269025"
"OPTIONAL READING MATERIAL-20260628","Part #4\Fundamentals of MOSFET and IGBT Gate Driver Circuits.pdf","Fundamentals of MOSFET and IGBT Gate Driver Circuits.pdf","738652"
"OPTIONAL READING MATERIAL-20260628","Part #4\missing slide 19-20.pdf","missing slide 19-20.pdf","189285"
"OPTIONAL READING MATERIAL-20260628","Part #4\SenseFET.pdf","SenseFET.pdf","740331"
"OPTIONAL READING MATERIAL-20260628","Part #4\Zener clamp.pdf","Zener clamp.pdf","4677111"
"OPTIONAL READING MATERIAL-20260628","Part #5\Buck-boost_add.pdf","Buck-boost_add.pdf","1033325"
"OPTIONAL READING MATERIAL-20260628","Part #5\BUCK_current_waveforms.pdf","BUCK_current_waveforms.pdf","1098774"
"OPTIONAL READING MATERIAL-20260628","Part #5\Irms.pdf","Irms.pdf","532550"
"OPTIONAL READING MATERIAL-20260628","Part #5\RMS values.pdf","RMS values.pdf","458232"
"OPTIONAL READING MATERIAL-20260628","Part #6\Add_part 6.pdf","Add_part 6.pdf","1746570"
"OPTIONAL READING MATERIAL-20260628","Part #6\Demystifying pole-zero doublets - EDN.pdf","Demystifying pole-zero doublets - EDN.pdf","480699"
"OPTIONAL READING MATERIAL-20260628","Part #6\Practical Feedback Loop Analysis for Voltage-Mode Boost Converter.pdf","Practical Feedback Loop Analysis for Voltage-Mode Boost Converter.pdf","572496"
"OPTIONAL READING MATERIAL-20260628","Part #6\Simplified Analysis of PWM Converters Using Model of PWM Switch -Part II Discontinuous Conduction Mode.pdf","Simplified Analysis of PWM Converters Using Model of PWM Switch -Part II Discontinuous Conduction Mode.pdf","649375"
"OPTIONAL READING MATERIAL-20260628","Part #6\State-space averaging.pdf","State-space averaging.pdf","307335"
"OPTIONAL READING MATERIAL-20260628","Part #7\CALCULATION OF LEAKAGE INDUCTANCE FOR HIGH-FREQUENCY TRANSFORMERS.pdf","CALCULATION OF LEAKAGE INDUCTANCE FOR HIGH-FREQUENCY TRANSFORMERS.pdf","840615"
"OPTIONAL READING MATERIAL-20260628","Part #7\DOWELL.pdf","DOWELL.pdf","851952"
"OPTIONAL READING MATERIAL-20260628","Part #7\excerpt from FUNDAMENTALS OF POWER ELECTRONICS.pdf","excerpt from FUNDAMENTALS OF POWER ELECTRONICS.pdf","254993"
"OPTIONAL READING MATERIAL-20260628","Part #7\Introduction_to_modeling_of_transformers_and_coupled_inductors.pdf","Introduction_to_modeling_of_transformers_and_coupled_inductors.pdf","800870"
"OPTIONAL READING MATERIAL-20260628","Part #7\The Skin Effect as Impedance Minimization.pdf","The Skin Effect as Impedance Minimization.pdf","334186"
"OPTIONAL READING MATERIAL-20260628","Tutorial #2\tutorial #2 -02-10-24_add.pdf","tutorial #2 -02-10-24_add.pdf","1880573"
"OPTIONAL READING MATERIAL-20260628","Tutorial #7\Feedforward pulse-width modulator - BOOST.pdf","Feedforward pulse-width modulator - BOOST.pdf","668554"
"OPTIONAL READING MATERIAL-20260628","Tutorial #9\A High-Frequency Three-Level Buck Converter With Real-Time Calibration and Wide Output Range for Fast-DVS.pdf","A High-Frequency Three-Level Buck Converter With Real-Time Calibration and Wide Output Range for Fast-DVS.pdf","5957441"
"OPTIONAL READING MATERIAL-20260628","Tutorial #9\Analysis_and_Design_Considerations_of_Integrated_3-Level_Buck_Converters.pdf","Analysis_and_Design_Considerations_of_Integrated_3-Level_Buck_Converters.pdf","2049861"
"ADDITIONAL READING MATERIALS-20260628","Part 10_additional reading materials\10.1_Advanced Power Dissipation.pdf","10.1_Advanced Power Dissipation.pdf","1327219"
"ADDITIONAL READING MATERIALS-20260628","Part 10_additional reading materials\10.2_Transient Thermal Resistance.pdf","10.2_Transient Thermal Resistance.pdf","118684"
"ADDITIONAL READING MATERIALS-20260628","Part 2_additional reading materials\2.1_Ideal Drift Region for Unipolar Power Devices.pdf","2.1_Ideal Drift Region for Unipolar Power Devices.pdf","237138"
"ADDITIONAL READING MATERIALS-20260628","Part 2_additional reading materials\2.2_ Power diodes.pdf","2.2_ Power diodes.pdf","871615"
"ADDITIONAL READING MATERIALS-20260628","Part 3 _additional reading materials\3.1_DMOS structure.pdf","3.1_DMOS structure.pdf","166397"
"ADDITIONAL READING MATERIALS-20260628","Part 3 _additional reading materials\3.2_high density MOSFETs.pdf","3.2_high density MOSFETs.pdf","121740"
"ADDITIONAL READING MATERIALS-20260628","Part 3 _additional reading materials\3.3_ MOSFET switching behaviour.pdf","3.3_ MOSFET switching behaviour.pdf","61013"
"ADDITIONAL READING MATERIALS-20260628","Part 3 _additional reading materials\3.4_MOSFET disipation due to Cds.pdf","3.4_MOSFET disipation due to Cds.pdf","207287"
"ADDITIONAL READING MATERIALS-20260628","Part 4_additional reading materials\4.1_HS MOSFET drivers.pdf","4.1_HS MOSFET drivers.pdf","106404"
"ADDITIONAL READING MATERIALS-20260628","Part 4_additional reading materials\4.2_unclamped inductive switching.pdf","4.2_unclamped inductive switching.pdf","529177"
"ADDITIONAL READING MATERIALS-20260628","Part 4_additional reading materials\4.3_Current sensing MOSFETs_1.pdf","4.3_Current sensing MOSFETs_1.pdf","837995"
"ADDITIONAL READING MATERIALS-20260628","Part 4_additional reading materials\4.4_Current sensing MOSFETs_2.pdf","4.4_Current sensing MOSFETs_2.pdf","45087"
"ADDITIONAL READING MATERIALS-20260628","Part 4_additional reading materials\4.5_MOSFET protection circuits.pdf","4.5_MOSFET protection circuits.pdf","749504"
"ADDITIONAL READING MATERIALS-20260628","Part 4_additional reading materials\4.6_Analog building blocks of dc-dc converters.pdf","4.6_Analog building blocks of dc-dc converters.pdf","880828"
"ADDITIONAL READING MATERIALS-20260628","Part 4_additional reading materials\4.7_Isolated gate driving solutions.pdf","4.7_Isolated gate driving solutions.pdf","1928023"
"ADDITIONAL READING MATERIALS-20260628","Part 5_additional reading materials\5.1_Power Supply Technology.pdf","5.1_Power Supply Technology.pdf","575249"
"ADDITIONAL READING MATERIALS-20260628","Part 6_additional reading materials\6.1_Averaged Switch Modeling.pdf","6.1_Averaged Switch Modeling.pdf","4872576"
"ADDITIONAL READING MATERIALS-20260628","Part 6_additional reading materials\6.2_PWM switch model_CCM.pdf","6.2_PWM switch model_CCM.pdf","557241"
"ADDITIONAL READING MATERIALS-20260628","Part 6_additional reading materials\6.3_Feedback Loop Design.pdf","6.3_Feedback Loop Design.pdf","707903"
"ADDITIONAL READING MATERIALS-20260628","Part 6_additional reading materials\6.4_General approach for optimizing dynamic response.PDF","6.4_General approach for optimizing dynamic response.PDF","190868"
"ADDITIONAL READING MATERIALS-20260628","Part 6_additional reading materials\6.5_ CCM Boost_compensation.pdf","6.5_ CCM Boost_compensation.pdf","554920"
"ADDITIONAL READING MATERIALS-20260628","Part 6_additional reading materials\6.6_Feedforward compensation.pdf","6.6_Feedforward compensation.pdf","305347"
"ADDITIONAL READING MATERIALS-20260628","Part 7_additional reading materials\7.1_L5989D data sheet.pdf","7.1_L5989D data sheet.pdf","1994338"
"ADDITIONAL READING MATERIALS-20260628","Part 7_additional reading materials\7.2_Aluminum Electrolytic Capacitors.pdf","7.2_Aluminum Electrolytic Capacitors.pdf","326430"
"ADDITIONAL READING MATERIALS-20260628","Part 7_additional reading materials\7.3_Basic magnetics theory.pdf","7.3_Basic magnetics theory.pdf","1374412"
"ADDITIONAL READING MATERIALS-20260628","Part 8_additional reading materials\8.1_Flyback basics.pdf","8.1_Flyback basics.pdf","264442"
"ADDITIONAL READING MATERIALS-20260628","Part 8_additional reading materials\8.2_Filter inductor and flyback transformer design.pdf","8.2_Filter inductor and flyback transformer design.pdf","582006"
"ADDITIONAL READING MATERIALS-20260628","Part 8_additional reading materials\8.3_Inductor and flyback transformer design.pdf","8.3_Inductor and flyback transformer design.pdf","1291512"
"ADDITIONAL READING MATERIALS-20260628","Part 8_additional reading materials\8.4_UC1524a data sheet.pdf","8.4_UC1524a data sheet.pdf","3296518"
"ADDITIONAL READING MATERIALS-20260628","Part 9_additional reading materials\9.1_Current Programmed Control.pdf","9.1_Current Programmed Control.pdf","91731"
"ADDITIONAL READING MATERIALS-20260628","Part 9_additional reading materials\9.2_Slope compensation.pdf","9.2_Slope compensation.pdf","193848"
