"Nr","Info","Timestamp","Path","Description","Value"
"1","Q019","10/2/2026 1:43:04 PM.417 [LOC]","CCI016_01LD_Plant/PdCMMXU1.TotW.mag","","450"
"2","Q019","10/2/2026 1:43:04 PM.417 [LOC]","CCI016_01LD_Plant/PdCMMXU1.TotVAr.mag","","45"
"3","","","CCI016_01LD_Plant/PdCMMXU1.PPV.phsAB","",""
"4","","","CCI016_01LD_Plant/PdCMMXU1.A.phsA","",""
"5","Q019","10/2/2026 1:43:08 PM.387 [LOC]","CCI016_01LD_Plant/PdCMMXU1.TotW.mag","","450"
"6","Q019","10/2/2026 1:43:08 PM.387 [LOC]","CCI016_01LD_Plant/PdCMMXU1.TotVAr.mag","","45"
"7","","","CCI016_01LD_Plant/PdCMMXU1.PPV.phsAB","",""
"8","","","CCI016_01LD_Plant/PdCMMXU1.A.phsA","",""
"9","Q019","10/2/2026 1:43:12 PM.446 [LOC]","CCI016_01LD_Plant/PdCMMXU1.TotW.mag","","450"
"10","Q019","10/2/2026 1:43:12 PM.446 [LOC]","CCI016_01LD_Plant/PdCMMXU1.TotVAr.mag","","45"
"11","","","CCI016_01LD_Plant/PdCMMXU1.PPV.phsAB","",""
"12","","","CCI016_01LD_Plant/PdCMMXU1.A.phsA","",""
"13","Q019","10/2/2026 1:43:16 PM.433 [LOC]","CCI016_01LD_Plant/PdCMMXU1.TotW.mag","","450"
"14","Q019","10/2/2026 1:43:16 PM.433 [LOC]","CCI016_01LD_Plant/PdCMMXU1.TotVAr.mag","","45"
"15","","","CCI016_01LD_Plant/PdCMMXU1.PPV.phsAB","",""
"16","","","CCI016_01LD_Plant/PdCMMXU1.A.phsA","",""
"17","Q019","10/2/2026 1:43:20 PM.381 [LOC]","CCI016_01LD_Plant/PdCMMXU1.TotW.mag","","450"
"18","Q019","10/2/2026 1:43:20 PM.381 [LOC]","CCI016_01LD_Plant/PdCMMXU1.TotVAr.mag","","45"
"19","","","CCI016_01LD_Plant/PdCMMXU1.PPV.phsAB","",""
"20","","","CCI016_01LD_Plant/PdCMMXU1.A.phsA","",""
"21","Q019","10/2/2026 1:43:24 PM.429 [LOC]","CCI016_01LD_Plant/PdCMMXU1.TotW.mag","","450"
"22","Q019","10/2/2026 1:43:24 PM.429 [LOC]","CCI016_01LD_Plant/PdCMMXU1.TotVAr.mag","","45"
"23","","","CCI016_01LD_Plant/PdCMMXU1.PPV.phsAB","",""
"24","","","CCI016_01LD_Plant/PdCMMXU1.A.phsA","",""
"25","Q019","10/2/2026 1:43:27 PM.537 [LOC]","CCI016_01LD_Plant/PdCMMXU1.TotW.mag","","450"
"26","Q019","10/2/2026 1:43:27 PM.537 [LOC]","CCI016_01LD_Plant/PdCMMXU1.TotVAr.mag","","45"
"27","","","CCI016_01LD_Plant/PdCMMXU1.PPV.phsAB","",""
"28","","","CCI016_01LD_Plant/PdCMMXU1.A.phsA","",""
"29","Q019","10/2/2026 1:43:32 PM.444 [LOC]","CCI016_01LD_Plant/PdCMMXU1.TotW.mag","","450"
"30","Q019","10/2/2026 1:43:32 PM.444 [LOC]","CCI016_01LD_Plant/PdCMMXU1.TotVAr.mag","","45"
"31","","","CCI016_01LD_Plant/PdCMMXU1.PPV.phsAB","",""
"32","","","CCI016_01LD_Plant/PdCMMXU1.A.phsA","",""
"33","Q019","10/2/2026 1:43:36 PM.400 [LOC]","CCI016_01LD_Plant/PdCMMXU1.TotW.mag","","450"
"34","Q019","10/2/2026 1:43:36 PM.400 [LOC]","CCI016_01LD_Plant/PdCMMXU1.TotVAr.mag","","45"
"35","","","CCI016_01LD_Plant/PdCMMXU1.PPV.phsAB","",""
"36","","","CCI016_01LD_Plant/PdCMMXU1.A.phsA","",""
"37","Q019","10/2/2026 1:43:40 PM.467 [LOC]","CCI016_01LD_Plant/PdCMMXU1.TotW.mag","","450"
"38","Q019","10/2/2026 1:43:40 PM.467 [LOC]","CCI016_01LD_Plant/PdCMMXU1.TotVAr.mag","","45"
"39","","","CCI016_01LD_Plant/PdCMMXU1.PPV.phsAB","",""
"40","","","CCI016_01LD_Plant/PdCMMXU1.A.phsA","",""
"41","Q019","10/2/2026 1:43:42 PM.627 [LOC]","CCI016_01LD_Plant/PdCMMXU1.TotW.mag","","450"
"42","Q019","10/2/2026 1:43:42 PM.627 [LOC]","CCI016_01LD_Plant/PdCMMXU1.TotVAr.mag","","45"
"43","","","CCI016_01LD_Plant/PdCMMXU1.PPV.phsAB","",""
"44","","","CCI016_01LD_Plant/PdCMMXU1.A.phsA","",""
"45","Q019","10/2/2026 1:43:48 PM.445 [LOC]","CCI016_01LD_Plant/PdCMMXU1.TotW.mag","","450"
"46","Q019","10/2/2026 1:43:48 PM.445 [LOC]","CCI016_01LD_Plant/PdCMMXU1.TotVAr.mag","","45"
"47","","","CCI016_01LD_Plant/PdCMMXU1.PPV.phsAB","",""
"48","","","CCI016_01LD_Plant/PdCMMXU1.A.phsA","",""
"49","Q019","10/2/2026 1:43:52 PM.415 [LOC]","CCI016_01LD_Plant/PdCMMXU1.TotW.mag","","450"
"50","Q019","10/2/2026 1:43:52 PM.415 [LOC]","CCI016_01LD_Plant/PdCMMXU1.TotVAr.mag","","45"
"51","","","CCI016_01LD_Plant/PdCMMXU1.PPV.phsAB","",""
"52","","","CCI016_01LD_Plant/PdCMMXU1.A.phsA","",""
"53","Q019","10/2/2026 1:43:56 PM.381 [LOC]","CCI016_01LD_Plant/PdCMMXU1.TotW.mag","","450"
"54","Q019","10/2/2026 1:43:56 PM.381 [LOC]","CCI016_01LD_Plant/PdCMMXU1.TotVAr.mag","","45"
"55","","","CCI016_01LD_Plant/PdCMMXU1.PPV.phsAB","",""
"56","","","CCI016_01LD_Plant/PdCMMXU1.A.phsA","",""
"57","Q019","10/2/2026 1:43:57 PM.684 [LOC]","CCI016_01LD_Plant/PdCMMXU1.TotW.mag","","450"
"58","Q019","10/2/2026 1:43:57 PM.684 [LOC]","CCI016_01LD_Plant/PdCMMXU1.TotVAr.mag","","45"
"59","","","CCI016_01LD_Plant/PdCMMXU1.PPV.phsAB","",""
"60","","","CCI016_01LD_Plant/PdCMMXU1.A.phsA","",""
"61","Q019","10/2/2026 1:44:04 PM.398 [LOC]","CCI016_01LD_Plant/PdCMMXU1.TotW.mag","","450"
"62","Q019","10/2/2026 1:44:04 PM.398 [LOC]","CCI016_01LD_Plant/PdCMMXU1.TotVAr.mag","","45"
"63","","","CCI016_01LD_Plant/PdCMMXU1.PPV.phsAB","",""
"64","","","CCI016_01LD_Plant/PdCMMXU1.A.phsA","",""
"65","Q019","10/2/2026 1:44:08 PM.465 [LOC]","CCI016_01LD_Plant/PdCMMXU1.TotW.mag","","450"
"66","Q019","10/2/2026 1:44:08 PM.465 [LOC]","CCI016_01LD_Plant/PdCMMXU1.TotVAr.mag","","45"
"67","","","CCI016_01LD_Plant/PdCMMXU1.PPV.phsAB","",""
"68","","","CCI016_01LD_Plant/PdCMMXU1.A.phsA","",""
